﻿Designator,Quantity,Value,Footprint,Package,MPN,DNP,Mount_Type,Description
"C2, C3",2,330u,CP_Radial_D6.3mm_P2.50mm,,,,tht,Polarized capacitor
D1,1,D_TVS,D_DO-15_P10.16mm_Horizontal,,,,tht,Bidirectional transient-voltage-suppression diode
J1,1,PI,PiHeader,,,,tht,expansion header for Raspberry Pi 2 & 3
J2,1,5V_IN,AMASS_XT30PW-M_1x02_P2.50mm_Horizontal,,,,tht,"Generic connector, single row, 01x02, script generated (kicad-library-utils/schlib/autogen/connector/)"
J3,1,HUB75,IDC-Header_2x08_P2.54mm_Horizontal,,,,tht,HUB75(E) Connector
J4,1,5V_OUT_MATRIX,AMASS_XT30PW-F_1x02_P2.50mm_Horizontal,,,,tht,"Generic connector, single row, 01x02, script generated (kicad-library-utils/schlib/autogen/connector/)"
JP1,1,E_EN,SolderJumper-3_P1.3mm_Bridged12_Pad1.0x1.5mm,,,,tht,"3-pole Solder Jumper, pins 1+2 closed/bridged"
JP2,1,D_EN,SolderJumper-3_P1.3mm_Bridged12_Pad1.0x1.5mm,,,,tht,"3-pole Solder Jumper, pins 1+2 closed/bridged"
