﻿pos_x,pos_y,rotation,side,designator,mpn,pack,footprint,value,mount_type,place
15.83478,13.366,180.0,top,C2,,,CP_Radial_D6.3mm_P2.50mm,330u,tht,True
8.75158,13.366,180.0,top,C3,,,CP_Radial_D6.3mm_P2.50mm,330u,tht,True
6.1692,7.606,-90.0,top,D1,,,D_DO-15_P10.16mm_Horizontal,D_TVS,tht,True
-1.282,-1.524,0.0,top,J1,,,PiHeader,PI,tht,True
5.5592,21.616,-90.0,top,J2,,,AMASS_XT30PW-M_1x02_P2.50mm_Horizontal,5V_IN,tht,True
5.3792,-10.344,0.0,top,J3,,,IDC-Header_2x08_P2.54mm_Horizontal,HUB75,tht,True
10.6092,5.026,-90.0,top,J4,,,AMASS_XT30PW-F_1x02_P2.50mm_Horizontal,5V_OUT_MATRIX,tht,True
11.969201,-17.964,180.0,bottom,JP1,,,SolderJumper-3_P1.3mm_Bridged12_Pad1.0x1.5mm,E_EN,tht,False
11.969201,-23.044,180.0,bottom,JP2,,,SolderJumper-3_P1.3mm_Bridged12_Pad1.0x1.5mm,D_EN,tht,False
